Workbook

Sheet 🗂 CRM База
B1: 📍 ІНФОРМАЦІЯ | J1: 🔍 АНАЛІЗ | Q1: 💼 CRM ПРОДАЖІ
A2: # | B2: НАЗВА ЗАКЛАДУ | C2: АДРЕСА | D2: ТЕЛЕФОН | E2: INSTAGRAM | F2: WEBSITE | G2: 📍 | H2: ⭐ | I2: ВІДГУКІВ | J2: ТИП ЛІДУ | K2: САЙТ | L2: IG | M2: ПРІОРИТ. | N2: ПРИЧИНА | O2: ПІДХІД | P2: ЯКІСТЬ 1–10 | Q2: КОНТАКТ | R2: ПЕРШИЙ КОНТАКТ | S2: СПОСІБ | T2: СТАТУС | U2: НАСТУПНА ДІЯ | V2: ДАТА ДІЇ | W2: КОМЕНТАР
A3: 1 | B3: Cacao | C3: вул. проспект Червоної Калини, 68, Львів | F3: https://www.instagram.com/cacao.lviv?igsh=YzFyMm5yaDl0ZnE= | G3: 📍 | J3: 🌐 Є сайт | K3: ✅ | L3: ❌ | M3: 🟡 B | T3: 🟡 Новий
A4: 2 | B4: Celentano | C4: вул. вулиця Тараса Шевченка, 17, Львів | D4: +38068 055 1717 | F4: https://www.velyka-brytaniya.celentano.delivery/ | G4: 📍 | J4: 🌐 Є сайт | K4: ✅ | L4: ❌ | M4: 🟡 B | T4: 🟡 Новий | Y4: 🟡 Новий | Z4: =COUNTIF(T$3:T$977,"🟡 Новий")
A5: 3 | B5: Cheese Bakery | C5: Львів | F5: https://cheesebakery.com.ua/ | G5: 📍 | J5: 🌐 Є сайт | K5: ✅ | L5: ❌ | M5: 🟡 B | T5: 🟡 Новий | Y5: 🔵 Домовляємось | Z5: =COUNTIF(T$3:T$977,"🔵 Домовляємось")
A6: 4 | B6: Coffee Lab | C6: вул. Стрийська вулиця, 76, Львів | D6: +380673444423 | F6: https://www.facebook.com/coffeelablviv | G6: 📍 | J6: 🌐 Є сайт | K6: ✅ | L6: ❌ | M6: 🟡 B | T6: 🟡 Новий | Y6: 🟣 Презентація | Z6: =COUNTIF(T$3:T$977,"🟣 Презентація")
A7: 5 | B7: Coffee Power | C7: Львів | F7: https://www.instagram.com/coffeepower__/ | G7: 📍 | J7: 🌐 Є сайт | K7: ✅ | L7: ❌ | M7: 🟡 B | T7: 🟡 Новий | Y7: 🟠 Думає | Z7: =COUNTIF(T$3:T$977,"🟠 Думає")
A8: 6 | B8: Jam Cafe | C8: Львів | D8: +380678652323 | F8: inst: @jam.cafe_lv | G8: 📍 | J8: 🌐 Є сайт | K8: ✅ | L8: ❌ | M8: 🟡 B | T8: 🟡 Новий | Y8: 🟢 Продано | Z8: =COUNTIF(T$3:T$977,"🟢 Продано")
A9: 7 | B9: KREDENS | C9: Львів | F9: https://www.kredens.com.ua | G9: 📍 | J9: 🌐 Є сайт | K9: ✅ | L9: ❌ | M9: 🟡 B | T9: 🟡 Новий | Y9: 🔴 Відмовився | Z9: =COUNTIF(T$3:T$977,"🔴 Відмовився")
A10: 8 | B10: Kredens Cafe | C10: Львів | E10: @kredenscafe | F10: https://www.kredens.com.ua/ | G10: 📍 | J10: 🌐 Є сайт | K10: ✅ | L10: ✅ | M10: 🟡 B | T10: 🟡 Новий
A11: 9 | B11: La П'єц - | C11: Львів | D11: +380 97 440 4060 | F11: http://pizza-lapiec.com.ua | G11: 📍 | J11: 🌐 Є сайт | K11: ✅ | L11: ❌ | M11: 🟡 B | T11: 🟡 Новий
A12: 10 | B12: La П'єц - піца на дровах | C12: Львів | D12: +380 97 440 4060 | F12: http://pizza-lapiec.com.ua | G12: 📍 | J12: 🌐 Є сайт | K12: ✅ | L12: ❌ | M12: 🟡 B | T12: 🟡 Новий
A13: 11 | B13: Le Petit Café Lviv | C13: вул. Катедральна площа, 5, Львів | D13: +380675331513 | F13: http://bit.ly/LePetitCaf%C3%A9Lviv-Menu | G13: 📍 | J13: 🌐 Є сайт | K13: ✅ | L13: ❌ | M13: 🟡 B | T13: 🟡 Новий
A14: 12 | B14: Libraria | C14: вул. вулиця Лесі Українки, 14, Львів | D14: +380 67 726 4924 | F14: https://libraria.com.ua/ | G14: 📍 | J14: 🌐 Є сайт | K14: ✅ | L14: ❌ | M14: 🟡 B | T14: 🟡 Новий
A15: 13 | B15: Locals b&bistro | C15: вул. вулиця Тараса Шевченка, 21, Львів | D15: 0970744686 | F15: https://www.instagram.com/locals_bistro?igsh=MW12c3EzOGxoOXZ1ag== | G15: 📍 | J15: 🌐 Є сайт | K15: ✅ | L15: ❌ | M15: 🟡 B | T15: 🟡 Новий
A16: 14 | B16: Lviv Croissants | C16: Львів | D16: +380 67 875 3506 | E16: @LvivCroissants | F16: https://www.lviv-croissants.com/ | G16: 📍 | J16: 🌐 Є сайт | K16: ✅ | L16: ✅ | M16: 🟡 B | T16: 🟡 Новий
A17: 15 | B17: MA Pizza | C17: вул. Китайська вулиця, 10, Львів | D17: +38 097 18 306 18 | F17: https://mapizza.com.ua/ | G17: 📍 | J17: 🌐 Є сайт | K17: ✅ | L17: ❌ | M17: 🟡 B | T17: 🟡 Новий
A18: 16 | B18: My Kava | C18: вул. Пекарська вулиця, 26, Львів | D18: +380686931842 | F18: https://mykava.ua/ | G18: 📍 | J18: 🌐 Є сайт | K18: ✅ | L18: ❌ | M18: 🟡 B | T18: 🟡 Новий
A19: 17 | B19: People Place Bar | C19: вул. Катедральна площа, 6, Львів | D19: +380322975674 | F19: https://peopleplacebar.choiceqr.com/a/QUYb-SDIt | G19: 📍 | J19: 🌐 Є сайт | K19: ✅ | L19: ❌ | M19: 🟡 B | T19: 🟡 Новий
A20: 18 | B20: Rockfellow | C20: Львів | F20: https://rockfellow.com.ua/ | G20: 📍 | J20: 🌐 Є сайт | K20: ✅ | L20: ❌ | M20: 🟡 B | T20: 🟡 Новий
A21: 19 | B21: SHOco. | C21: Львів | F21: https://shoco-zwin.choiceqr.com/ | G21: 📍 | J21: 🌐 Є сайт | K21: ✅ | L21: ❌ | M21: 🟡 B | T21: 🟡 Новий
A22: 20 | B22: Saturdays Coffee | C22: Львів | F22: https://www.instagram.com/saturdayscoffeelviv | G22: 📍 | J22: 🌐 Є сайт | K22: ✅ | L22: ❌ | M22: 🟡 B | T22: 🟡 Новий
A23: 21 | B23: Sowá Cafe | C23: Львів | D23: +380 98 634 9046 | F23: https://www.facebook.com/sowalviv | G23: 📍 | J23: 🌐 Є сайт | K23: ✅ | L23: ❌ | M23: 🟡 B | T23: 🟡 Новий
A24: 22 | B24: Tea Room | C24: вул. Піша вулиця, 2, Львів | F24: https://instagram.com/tea_room_lviv?igshid=1jmkx12q4fs5w | G24: 📍 | J24: 🌐 Є сайт | K24: ✅ | L24: ❌ | M24: 🟡 B | T24: 🟡 Новий
A25: 23 | B25: The Wave Project | C25: Львів | F25: https://instagram.com/thewaveproject.ua?utm_medium=copy_link | G25: 📍 | J25: 🌐 Є сайт | K25: ✅ | L25: ❌ | M25: 🟡 B | T25: 🟡 Новий
A26: 24 | B26: Totem Cafe | C26: Львів | D26: +380 97 034 8280 | F26: https://totem-cafe-cafe.business.site/ | G26: 📍 | J26: 🌐 Є сайт | K26: ✅ | L26: ❌ | M26: 🟡 B | T26: 🟡 Новий
A27: 25 | B27: Інтемпо | C27: вул. Городоцька вулиця, 110, Львів | F27: https://sezony.com.ua/ | G27: 📍 | J27: 🌐 Є сайт | K27: ✅ | L27: ❌ | M27: 🟡 B | T27: 🟡 Новий
A28: 26 | B28: Інші | C28: Львів | D28: +380683023042 | F28: https://expz.menu/a66dff7e-d106-4c62-970a-4ce7fe12d1ec | G28: 📍 | J28: 🌐 Є сайт | K28: ✅ | L28: ❌ | M28: 🟡 B | T28: 🟡 Новий
A29: 27 | B29: Або кава | C29: вул. Промислова вулиця, 27, Львів | D29: +380 68 526 5616 | E29: @tsikava.foodandcoffee | F29: https://tsikava.com/ | G29: 📍 | J29: 🌐 Є сайт | K29: ✅ | L29: ✅ | M29: 🟡 B | T29: 🟡 Новий
A30: 28 | B30: Альтернативна Кава | C30: Львів | E30: @alterkava | F30: https://altkava.com.ua/ | G30: 📍 | J30: 🌐 Є сайт | K30: ✅ | L30: ✅ | M30: 🟡 B | T30: 🟡 Новий
A31: 29 | B31: Антикафе "Come In" | C31: Львів | D31: +380 63 848 4891 | F31: https://comein.lviv.ua/ | G31: 📍 | J31: 🌐 Є сайт | K31: ✅ | L31: ❌ | M31: 🟡 B | T31: 🟡 Новий
A32: 30 | B32: Бiла Кава | C32: вул. вулиця Івана Тиктора, 4, Львів | D32: +380 97 064 9676 | F32: https://www.bilakava.com/ | G32: 📍 | J32: 🌐 Є сайт | K32: ✅ | L32: ❌ | M32: 🟡 B | T32: 🟡 Новий
A33: 31 | B33: Біля Діани на Ринку | C33: Львів | D33: +380 50 378 6038 | F33: http://www.fest.lviv.ua/uk/restaurants/diananarynku | G33: 📍 | J33: 🌐 Є сайт | K33: ✅ | L33: ❌ | M33: 🟡 B | T33: 🟡 Новий
A34: 32 | B34: Вишиванка | C34: Львів | F34: http://vyshyvanka.lviv.ua/ | G34: 📍 | J34: 🌐 Є сайт | K34: ✅ | L34: ❌ | M34: 🟡 B | T34: 🟡 Новий
A35: 33 | B35: Вок Піца | C35: Львів | D35: +380 63 174 7575 | F35: https://wokpizza.lviv.ua/ | G35: 📍 | J35: 🌐 Є сайт | K35: ✅ | L35: ❌ | M35: 🟡 B | T35: 🟡 Новий
A36: 34 | B36: Вірменка | C36: Львів | D36: +380 67 278 1608 | F36: http://www.virmenka.akurat.com.ua/ | G36: 📍 | J36: 🌐 Є сайт | K36: ✅ | L36: ❌ | M36: 🟡 B | T36: 🟡 Новий
A37: 35 | B37: Ен Салада | C37: Львів | D37: +380 96 857 3085 | F37: https://ensalada.com.ua/ | G37: 📍 | J37: 🌐 Є сайт | K37: ✅ | L37: ❌ | M37: 🟡 B | T37: 🟡 Новий
A38: 36 | B38: Зашкварка | C38: вул. Пекарська вулиця, 2, Львів | D38: 0 (93) 381 87 03 | F38: https://zashkvarka.choiceqr.com/menu | G38: 📍 | J38: 🌐 Є сайт | K38: ✅ | L38: ❌ | M38: 🟡 B | T38: 🟡 Новий
A39: 37 | B39: Зелені пагорби | C39: Львів | F39: https://lioncastlehotel.com/restoran/ | G39: 📍 | J39: 🌐 Є сайт | K39: ✅ | L39: ❌ | M39: 🟡 B | T39: 🟡 Новий
A40: 38 | B40: Кет Кафе | C40: вул. площа Генерала Петра Григоренка, 1а, Львів | D40: +380 67 804 4780 | F40: https://catcafe.com.ua/ | G40: 📍 | J40: 🌐 Є сайт | K40: ✅ | L40: ❌ | M40: 🟡 B | T40: 🟡 Новий
A41: 39 | B41: Клепсидра | C41: Львів | D41: +380 93 434 0724 | F41: https://www.facebook.com/klepsydra2017/ | G41: 📍 | J41: 🌐 Є сайт | K41: ✅ | L41: ❌ | M41: 🟡 B | T41: 🟡 Новий
A42: 40 | B42: Кондитерська BISCOTTI | C42: вул. вулиця Листопадового Чину, 14, Львів | D42: +380 97 796 4046 | F42: https://biscotti.com.ua/ | G42: 📍 | J42: 🌐 Є сайт | K42: ✅ | L42: ❌ | M42: 🟡 B | T42: 🟡 Новий
A43: 41 | B43: Котигорошко | C43: Львів | D43: +380 67 662 3353 | F43: http://kotugoroshko.lviv.ua | G43: 📍 | J43: 🌐 Є сайт | K43: ✅ | L43: ❌ | M43: 🟡 B | T43: 🟡 Новий
A44: 42 | B44: Креденс | C44: вул. Стрийська вулиця, 200А, Львів | D44: +380967504453 | F44: https://kredens.com.ua/locations/vul-striiska-202-ducks-lake | G44: 📍 | J44: 🌐 Є сайт | K44: ✅ | L44: ❌ | M44: 🟡 B | T44: 🟡 Новий
A45: 43 | B45: Лавлі кафі | C45: вул. Стрийська вулиця, 45, Львів | D45: +380 50 875 6878 | F45: https://lovely-coffee-coffee-shop.business.site/ | G45: 📍 | J45: 🌐 Є сайт | K45: ✅ | L45: ❌ | M45: 🟡 B | T45: 🟡 Новий
A46: 44 | B46: Львівська Майстерня Шоколаду | C46: Львів | D46: +380 50 430 6033 | F46: https://www.chocolate.lviv.ua/ | G46: 📍 | J46: 🌐 Є сайт | K46: ✅ | L46: ❌ | M46: 🟡 B | T46: 🟡 Новий
A47: 45 | B47: Львівська копальня кави | C47: Львів | D47: +380 67 670 6106 | F47: http://www.fest.lviv.ua/uk/restaurants/coffeemanufacture | G47: 📍 | J47: 🌐 Є сайт | K47: ✅ | L47: ❌ | M47: 🟡 B | T47: 🟡 Новий
A48: 46 | B48: Львівська майстерня шоколаду | C48: вул. вулиця Січових Стрільців, 5, Львів | D48: +380 50 378 2362 | F48: https://www.chocolate.lviv.ua | G48: 📍 | J48: 🌐 Є сайт | K48: ✅ | L48: ❌ | M48: 🟡 B | T48: 🟡 Новий
A49: 47 | B49: Львівська мануфактура кави | C49: вул. Соборна площа, 2, Львів | F49: https://manufacture.coffee/ | G49: 📍 | J49: 🌐 Є сайт | K49: ✅ | L49: ❌ | M49: 🟡 B | T49: 🟡 Новий
A50: 48 | B50: Львівські Коноплі Hemp Heaven | C50: Львів | D50: +380931846933 | F50: https://stravopys.com/lvvsk-konopl-hemp-heaven | G50: 📍 | J50: 🌐 Є сайт | K50: ✅ | L50: ❌ | M50: 🟡 B | T50: 🟡 Новий
A51: 49 | B51: Львівські Млинці | C51: вул. вулиця Братів Рогатинців, 41, Львів | D51: +380 97 504 7574 | F51: https://www.lvivpancakes.com | G51: 📍 | J51: 🌐 Є сайт | K51: ✅ | L51: ❌ | M51: 🟡 B | T51: 🟡 Новий
A52: 50 | B52: Львівські круасани | C52: вул. Малоголосківська вулиця, 42, Львів | F52: https://lvivcroissants.com/ | G52: 📍 | J52: 🌐 Є сайт | K52: ✅ | L52: ❌ | M52: 🟡 B | T52: 🟡 Новий
A53: 51 | B53: Львівські пляцки | C53: Львів | D53: +380 50 371 3833 | F53: http://www.fest.lviv.ua/uk/restaurants/lvivskipljacky/ | G53: 📍 | J53: 🌐 Є сайт | K53: ✅ | L53: ❌ | M53: 🟡 B | T53: 🟡 Новий
A54: 52 | B54: Лівий Берег | C54: Львів | D54: +380 50 430 5385 | F54: http://www.fest.lviv.ua/uk/restaurants/livyjbereh | G54: 📍 | J54: 🌐 Є сайт | K54: ✅ | L54: ❌ | M54: 🟡 B | T54: 🟡 Новий
A55: 53 | B55: Лігумінка | C55: Львів | D55: +380 50 417 3340 | F55: http://liguminka.cafe | G55: 📍 | J55: 🌐 Є сайт | K55: ✅ | L55: ❌ | M55: 🟡 B | T55: 🟡 Новий
A56: 54 | B56: Мiстечко | C56: Львів | D56: +380679926767 | F56: https://mistechko.cafe/ | G56: 📍 | J56: 🌐 Є сайт | K56: ✅ | L56: ❌ | M56: 🟡 B | T56: 🟡 Новий
A57: 55 | B57: Мазох-cafe | C57: Львів | D57: +380 50 371 0440 | F57: http://www.fest.lviv.ua/uk/restaurants/masochcafe | G57: 📍 | J57: 🌐 Є сайт | K57: ✅ | L57: ❌ | M57: 🟡 B | T57: 🟡 Новий
A58: 56 | B58: Майстерня пряників "Юрашки" | C58: вул. Краківська вулиця, 14, Львів | D58: +380 67 674 9937 | F58: http://yurashky.com | G58: 📍 | J58: 🌐 Є сайт | K58: ✅ | L58: ❌ | M58: 🟡 B | T58: 🟡 Новий
A59: 57 | B59: Плейтс енд Капс | C59: вул. вулиця Братів Рогатинців, 43, Львів | F59: https://www.instagram.com/plates_cups | G59: 📍 | J59: 🌐 Є сайт | K59: ✅ | L59: ❌ | M59: 🟡 B | T59: 🟡 Новий
A60: 58 | B60: Привіт обід | C60: Львів | F60: http://www.puzatahata.com.ua/ | G60: 📍 | J60: 🌐 Є сайт | K60: ✅ | L60: ❌ | M60: 🟡 B | T60: 🟡 Новий
A61: 59 | B61: Під Синьою Фляжкою | C61: вул. Руська вулиця, 4, Львів | D61: +380 322 94 9152 | F61: http://bluebottle.lviv.ua/ | G61: 📍 | J61: 🌐 Є сайт | K61: ✅ | L61: ❌ | M61: 🟡 B | T61: 🟡 Новий
A62: 60 | B62: Салалат | C62: вул. Соборна площа, 2а, Львів | D62: +380639869570 | F62: https://salalat.choiceqr.com/ | G62: 📍 | J62: 🌐 Є сайт | K62: ✅ | L62: ❌ | M62: 🟡 B | T62: 🟡 Новий
A63: 61 | B63: Світ кави | C63: Львів | F63: https://svitkavy.com/ | G63: 📍 | J63: 🌐 Є сайт | K63: ✅ | L63: ❌ | M63: 🟡 B | T63: 🟡 Новий
A64: 62 | B64: Тедді | C64: Львів | F64: http://@teddy.restaurant | G64: 📍 | J64: 🌐 Є сайт | K64: ✅ | L64: ❌ | M64: 🟡 B | T64: 🟡 Новий
A65: 63 | B65: Теплий п'єц | C65: вул. Староєврейська вулиця, 50, Львів | D65: +380 98 732 1414 | F65: https://www.facebook.com/teplyipyets.lviv | G65: 📍 | J65: 🌐 Є сайт | K65: ✅ | L65: ❌ | M65: 🟡 B | T65: 🟡 Новий
A66: 64 | B66: Тирамису | C66: Львів | D66: +380 50 239 3400 | F66: https://cafetiramisu.com.ua/ | G66: 📍 | J66: 🌐 Є сайт | K66: ✅ | L66: ❌ | M66: 🟡 B | T66: 🟡 Новий
A67: 65 | B67: Товариство | C67: вул. Пекарська вулиця, 11, Львів | F67: https://linktr.ee/tovarystvo | G67: 📍 | J67: 🌐 Є сайт | K67: ✅ | L67: ❌ | M67: 🟡 B | T67: 🟡 Новий
A68: 66 | B68: Третє місце | C68: вул. вулиця Героїв Майдану, 10, Львів | D68: +380963471918 | F68: https://tretyemistselviv.choiceqr.com | G68: 📍 | J68: 🌐 Є сайт | K68: ✅ | L68: ❌ | M68: 🟡 B | T68: 🟡 Новий
A69: 67 | B69: Фацет | C69: вул. Вірменська вулиця, 28, Львів | D69: +380 67 949 0548 | F69: https://www.facebook.com/facet.lviv | G69: 📍 | J69: 🌐 Є сайт | K69: ✅ | L69: ❌ | M69: 🟡 B | T69: 🟡 Новий
A70: 68 | B70: Х-бар | C70: Львів | D70: +380 67 337 4040 | F70: http://xbar.com.ua | G70: 📍 | J70: 🌐 Є сайт | K70: ✅ | L70: ❌ | M70: 🟡 B | T70: 🟡 Новий
A71: 69 | B71: Цукерня | C71: Львів | D71: +380 322 35 6949 | F71: https://www.facebook.com/pg/cukiernia.lviv | G71: 📍 | J71: 🌐 Є сайт | K71: ✅ | L71: ❌ | M71: 🟡 B | T71: 🟡 Новий
A72: 70 | B72: Цікава | C72: Львів | F72: https://tsikava.com.ua/ | G72: 📍 | J72: 🌐 Є сайт | K72: ✅ | L72: ❌ | M72: 🟡 B | T72: 🟡 Новий
A73: 71 | B73: Шампанерія "Хачапурі & Хот дог" | C73: Львів | D73: +380 322 35 8163 | F73: http://champagneria.lviv.ua/ | G73: 📍 | J73: 🌐 Є сайт | K73: ✅ | L73: ❌ | M73: 🟡 B | T73: 🟡 Новий
A74: 72 | B74: Шкоцька (Шотландська) кавʼярня | C74: Львів | D74: +38 (032) 261 476 5 | F74: https://szkocka.com.ua/ | G74: 📍 | J74: 🌐 Є сайт | K74: ✅ | L74: ❌ | M74: 🟡 B | T74: 🟡 Новий
A75: 73 | B75: піцерія Леонардо | C75: вул. Стрийська вулиця, 106а, Львів | D75: +380 98 080 5004 | F75: https://pizza-leonardo.com.ua/ | G75: 📍 | J75: 🌐 Є сайт | K75: ✅ | L75: ❌ | M75: 🟡 B | T75: 🟡 Новий
A76: 74 | B76: 2cups | C76: вул. Зелена вулиця, 42, Львів | D76: +380 67 271 0727 | E76: @instagram.com/2cups_lviv | G76: 📍 | J76: 📸 Instagram тільки | K76: ❌ | L76: ✅ | M76: 🟢 A | P76: — | T76: 🟡 Новий
A77: 75 | B77: Bread Піч | C77: вул. Тернопільська вулиця, 21е, Львів | D77: +380 67 363 1716 | E77: @breadpich | G77: 📍 | J77: 📸 Instagram тільки | K77: ❌ | L77: ✅ | M77: 🟢 A | P77: — | T77: 🟡 Новий
A78: 76 | B78: CODE | C78: Львів | E78: @codecoffe.lviv | G78: 📍 | J78: 📸 Instagram тільки | K78: ❌ | L78: ✅ | M78: 🟢 A | P78: — | T78: 🟡 Новий
A79: 77 | B79: FOLKS + BEANS | C79: вул. Пекарська вулиця, 5, Львів | D79: +380 68 14 56 388 | E79: @folksandbeans | G79: 📍 | J79: 📸 Instagram тільки | K79: ❌ | L79: ✅ | M79: 🟢 A | P79: — | T79: 🟡 Новий
A80: 78 | B80: Florry - квіти і кава | C80: вул. Кульпарківська вулиця, 93, Львів | D80: +380739777808 | E80: @florry.lviv | G80: 📍 | J80: 📸 Instagram тільки | K80: ❌ | L80: ✅ | M80: 🟢 A | P80: — | T80: 🟡 Новий
A81: 79 | B81: For You Coffee | C81: Львів | E81: @4youcoffe | G81: 📍 | J81: 📸 Instagram тільки | K81: ❌ | L81: ✅ | M81: 🟢 A | P81: — | T81: 🟡 Новий
A82: 80 | B82: Mitte | C82: Львів | E82: @mitte.coffee | G82: 📍 | J82: 📸 Instagram тільки | K82: ❌ | L82: ✅ | M82: 🟢 A | P82: — | T82: 🟡 Новий
A83: 81 | B83: Resto Friends | C83: вул. ЖК Парус City, 93/3, Львів | D83: +380 99 6740018 | E83: @restofriend | G83: 📍 | J83: 📸 Instagram тільки | K83: ❌ | L83: ✅ | M83: 🟢 A | P83: — | T83: 🟡 Новий
A84: 82 | B84: Tempo del Caffe | C84: вул. Пасічна вулиця, 171, Львів | E84: @tempo_del_cafe | G84: 📍 | J84: 📸 Instagram тільки | K84: ❌ | L84: ✅ | M84: 🟢 A | P84: — | T84: 🟡 Новий
A85: 83 | B85: Tommy | C85: Львів | E85: @tommy.lviv | G85: 📍 | J85: 📸 Instagram тільки | K85: ❌ | L85: ✅ | M85: 🟢 A | P85: — | T85: 🟡 Новий
A86: 84 | B86: Vintage Café | C86: Львів | E86: @vintage_cafe_lviv | G86: 📍 | J86: 📸 Instagram тільки | K86: ❌ | L86: ✅ | M86: 🟢 A | P86: — | T86: 🟡 Новий
A87: 85 | B87: Блюр | C87: Львів | E87: @blurcoffeeshop_lviv | G87: 📍 | J87: 📸 Instagram тільки | K87: ❌ | L87: ✅ | M87: 🟢 A | P87: — | T87: 🟡 Новий
A88: 86 | B88: Зерно | C88: Львів | D88: +380 63 878 9941 | E88: @zerno.lviv | G88: 📍 | J88: 📸 Instagram тільки | K88: ❌ | L88: ✅ | M88: 🟢 A | P88: — | T88: 🟡 Новий
A89: 87 | B89: ОЙ ШО | C89: Львів | D89: +380 96 800 1060 | E89: @oy.sho.lviv | G89: 📍 | J89: 📸 Instagram тільки | K89: ❌ | L89: ✅ | M89: 🟢 A | P89: — | T89: 🟡 Новий
A90: 88 | B90: Ред манкі | C90: Львів | D90: 0966233116 | E90: @redmonkeyramen | G90: 📍 | J90: 📸 Instagram тільки | K90: ❌ | L90: ✅ | M90: 🟢 A | P90: — | T90: 🟡 Новий
A91: 89 | B91: Точка Зору | C91: Львів | E91: @tochkazoru_lviv | G91: 📍 | J91: 📸 Instagram тільки | K91: ❌ | L91: ✅ | M91: 🟢 A | P91: — | T91: 🟡 Новий
A92: 90 | B92: !Fest Coffee Mission | C92: Львів | G92: 📍 | J92: 🔥 Без сайту | K92: ❌ | L92: ❌ | M92: 🟢 A | P92: — | T92: 🟡 Новий
A93: 91 | B93: 1000+1 ніч | C93: Львів | G93: 📍 | J93: 🔥 Без сайту | K93: ❌ | L93: ❌ | M93: 🟢 A | P93: — | T93: 🟡 Новий
A94: 92 | B94: 11 к5 | C94: Львів | G94: 📍 | J94: 🔥 Без сайту | K94: ❌ | L94: ❌ | M94: 🟢 A | P94: — | T94: 🟡 Новий
A95: 93 | B95: 2Cups | C95: Львів | G95: 📍 | J95: 🔥 Без сайту | K95: ❌ | L95: ❌ | M95: 🟢 A | P95: — | T95: 🟡 Новий
A96: 94 | B96: 7сім небес | C96: Львів | G96: 📍 | J96: 🔥 Без сайту | K96: ❌ | L96: ❌ | M96: 🟢 A | P96: — | T96: 🟡 Новий
A97: 95 | B97: 9/11 | C97: Львів | G97: 📍 | J97: 🔥 Без сайту | K97: ❌ | L97: ❌ | M97: 🟢 A | P97: — | T97: 🟡 Новий
A98: 96 | B98: Aroma Kava | C98: вул. вулиця Генерала Тараса Чупринки, 41а, Львів | G98: 📍 | J98: 🔥 Без сайту | K98: ❌ | L98: ❌ | M98: 🟢 A | P98: — | T98: 🟡 Новий
A99: 97 | B99: Baguette | C99: Львів | G99: 📍 | J99: 🔥 Без сайту | K99: ❌ | L99: ❌ | M99: 🟢 A | P99: — | T99: 🟡 Новий
A100: 98 | B100: Baristra | C100: Львів | G100: 📍 | J100: 🔥 Без сайту | K100: ❌ | L100: ❌ | M100: 🟢 A | P100: — | T100: 🟡 Новий
...

Sheet 💰 Угоди
A1: 💰 ТРЕКЕР УГОД — LIBERTY CRM
A2: ID КЛІЄНТА | B2: КАВ'ЯРНЯ | C2: СТАТУС УГОДИ | D2: СУМА, грн | E2: ДАТА УГОДИ | F2: НОТАТКА
B3: =IF(A3="","",IFERROR(INDEX('🗂 CRM База'!$B$3:$B$977,A3),"❓ ID не знайдено")) | H3: Домовились на зустріч | I3: =COUNTIF($C$3:$C$52,H3)
B4: =IF(A4="","",IFERROR(INDEX('🗂 CRM База'!$B$3:$B$977,A4),"❓ ID не знайдено")) | H4: Зустрілись | I4: =COUNTIF($C$3:$C$52,H4)
B5: =IF(A5="","",IFERROR(INDEX('🗂 CRM База'!$B$3:$B$977,A5),"❓ ID не знайдено")) | H5: Очікуємо відповіді | I5: =COUNTIF($C$3:$C$52,H5)
B6: =IF(A6="","",IFERROR(INDEX('🗂 CRM База'!$B$3:$B$977,A6),"❓ ID не знайдено")) | H6: Презентація | I6: =COUNTIF($C$3:$C$52,H6)
B7: =IF(A7="","",IFERROR(INDEX('🗂 CRM База'!$B$3:$B$977,A7),"❓ ID не знайдено")) | H7: Оплачено ✅ | I7: =COUNTIF($C$3:$C$52,H7)
B8: =IF(A8="","",IFERROR(INDEX('🗂 CRM База'!$B$3:$B$977,A8),"❓ ID не знайдено")) | H8: Скасовано ❌ | I8: =COUNTIF($C$3:$C$52,H8)
B9: =IF(A9="","",IFERROR(INDEX('🗂 CRM База'!$B$3:$B$977,A9),"❓ ID не знайдено"))
B10: =IF(A10="","",IFERROR(INDEX('🗂 CRM База'!$B$3:$B$977,A10),"❓ ID не знайдено"))
B11: =IF(A11="","",IFERROR(INDEX('🗂 CRM База'!$B$3:$B$977,A11),"❓ ID не знайдено"))
B12: =IF(A12="","",IFERROR(INDEX('🗂 CRM База'!$B$3:$B$977,A12),"❓ ID не знайдено"))
B13: =IF(A13="","",IFERROR(INDEX('🗂 CRM База'!$B$3:$B$977,A13),"❓ ID не знайдено"))
B14: =IF(A14="","",IFERROR(INDEX('🗂 CRM База'!$B$3:$B$977,A14),"❓ ID не знайдено"))
B15: =IF(A15="","",IFERROR(INDEX('🗂 CRM База'!$B$3:$B$977,A15),"❓ ID не знайдено"))
B16: =IF(A16="","",IFERROR(INDEX('🗂 CRM База'!$B$3:$B$977,A16),"❓ ID не знайдено"))
B17: =IF(A17="","",IFERROR(INDEX('🗂 CRM База'!$B$3:$B$977,A17),"❓ ID не знайдено"))
B18: =IF(A18="","",IFERROR(INDEX('🗂 CRM База'!$B$3:$B$977,A18),"❓ ID не знайдено"))
B19: =IF(A19="","",IFERROR(INDEX('🗂 CRM База'!$B$3:$B$977,A19),"❓ ID не знайдено"))
B20: =IF(A20="","",IFERROR(INDEX('🗂 CRM База'!$B$3:$B$977,A20),"❓ ID не знайдено"))
... B52: =IF(A52="","",IFERROR(INDEX('🗂 CRM База'!$B$3:$B$977,A52),"❓ ID не знайдено"))
D53: Всього угод | E53: Оплачено | F53: Конверсія %
A54: 💵 ЗАГАЛЬНА ВИРУЧКА | C54: =SUMIF(C3:C52,"Оплачено ✅",D3:D52) | D54: =COUNTA(A3:A52) | E54: =COUNTIF(C3:C52,"Оплачено ✅") | F54: =IFERROR(COUNTIF(C3:C52,"Оплачено ✅")/COUNTA(A3:A52)*100,0)

Sheet 📖 Легенда
B1: 📖 ЛЕГЕНДА — СТАТУСИ, ПРИЧИНИ, СКРИПТИ
B2: СТАТУСИ CRM
B3: 🟡 Новий | C3: Перший контакт ще не відбувся
B4: 🔵 Домовляємось | C4: Ведемо перемовини, обговорюємо деталі
B5: 🟣 Презентація | C5: Показали демо — liberty-cafe.onrender.com
B6: 🟠 Думає | C6: Клієнт розглядає пропозицію
B7: 🟢 Продано | C7: ✅ Угода закрита, отримали оплату
B8: 🔴 Відмовився | C8: Не зацікавлений — повернись через 3 місяці
B10: ТИП ЛІДУ → СТРАТЕГІЯ
B11: 🔥 Без сайту | C11: Дзвінок або візит. «Знайшов вас в Google — немає сайту, є 5 хв?»
B12: 📸 Instagram тільки | C12: Direct: «Ваші фото — вогонь! Але Google вас не показує. Маю рішення»
B13: 🌐 Є сайт | C13: Відкрий їх сайт на телефоні при власнику. Мовчки. Нехай самі побачать.
B15: СКРИПТ ПЕРШОГО КОНТАКТУ
B16: Крок 1 → | C16: «Добрий день! Я [ім'я], роблю сайти для кав'ярень у Львові»
B17: Крок 2 → | C17: «Знайшов вас — помітив що [причина]. Хочу показати щось за 3 хв»
B18: Крок 3 → | C18: Показуєш liberty-cafe.onrender.com на своєму телефоні
B19: Крок 4 → | C19: «Це я зроблю для вас за [ціна] і [строк]»
B21: ВІДПОВІДІ НА ЗАПЕРЕЧЕННЯ
B22: «Вже є Instagram» | C22: «Instagram не індексується Google. Людина що шукає 'кав'ярня Львів' — вас не знайде»
B23: «Немає часу» | C23: «Від вас — 30 хв на початку. Далі ви самі оновлюєте меню за 2 кліки»
B24: «Дорого» | C24: «Скільки ви заробляєте з одного столика? Сайт окупається після першого нового клієнта»
B25: «Подумаю» | C25: «Добре! Залишу вам демо прямо зараз — покажете партнеру?» → пиши через 3 дні
